state_id,queue_ns,queue_ew,density_ns_pct,density_ew_pct,max_wait_ns_sec,max_wait_ew_sec,emergency_direction
TRF-001,5,5,20,20,25,22,none
TRF-002,30,6,85,25,120,30,none
TRF-003,4,28,15,80,20,115,none
TRF-004,8,12,30,40,190,65,none
TRF-005,20,20,60,60,90,90,EW
TRF-006,10,8,35,30,20,18,none
TRF-007,15,12,45,40,35,28,none
TRF-008,7,18,25,55,22,45,none
TRF-009,22,14,55,45,50,38,none
TRF-010,12,20,40,65,30,55,none
TRF-011,0,0,0,0,0,0,none
TRF-012,1,2,1,2,1,2,none
TRF-013,99,100,99,100,299,300,none
TRF-014,100,99,100,99,300,299,none
TRF-015,0,100,0,100,0,300,none
TRF-016,80,5,95,10,280,20,none
TRF-017,5,85,10,95,25,280,none
TRF-018,90,90,95,95,300,300,none
TRF-019,75,20,90,30,250,200,NS
TRF-020,20,75,30,90,200,250,EW
