time_sec,queue_ns,queue_ew,phase,green_duration
0,29,7,NS,30
1,29,7,NS,30
2,28,8,NS,30
3,29,8,NS,30
4,30,9,NS,30
5,30,9,NS,30
6,30,10,NS,30
7,29,10,NS,30
8,28,10,NS,30
9,29,10,NS,30
10,29,10,NS,30
11,29,10,NS,30
12,29,10,NS,30
13,28,10,NS,30
14,27,10,NS,30
15,26,11,NS,30
16,25,11,NS,30
17,25,11,NS,30
18,24,11,NS,30
19,23,12,NS,30
20,23,12,NS,30
21,23,12,NS,30
22,22,13,NS,30
23,22,13,NS,30
24,22,13,NS,30
25,21,13,NS,30
26,21,13,NS,30
27,21,13,NS,30
28,21,13,NS,30
29,20,14,NS,24
30,21,14,NS,24
31,20,15,NS,24
32,20,15,NS,24
33,20,16,NS,24
34,19,16,NS,24
35,18,17,NS,24
36,18,17,NS,24
37,17,17,NS,24
38,16,17,NS,24
39,15,17,NS,24
40,15,17,NS,24
41,14,18,NS,24
42,15,18,NS,24
43,14,18,NS,24
44,13,18,NS,24
45,13,19,NS,24
46,12,20,NS,24
47,12,20,NS,24
48,12,20,NS,24
49,11,20,NS,24
50,10,20,NS,24
51,9,21,NS,24
52,8,21,NS,24
53,8,22,EW,26
54,8,22,EW,26
55,9,22,EW,26
56,9,23,EW,26
57,9,23,EW,26
58,9,23,EW,26
59,9,22,EW,26
60,9,22,EW,26
61,10,21,EW,26
62,10,20,EW,26
63,10,19,EW,26
64,10,18,EW,26
65,10,17,EW,26
66,10,17,EW,26
67,10,16,EW,26
68,10,15,EW,26
69,11,15,EW,26
70,11,14,EW,26
71,11,14,EW,26
72,11,13,EW,26
73,11,13,EW,26
74,11,12,EW,26
75,11,12,EW,26
76,12,11,EW,26
77,13,11,EW,26
78,13,12,EW,26
79,13,12,NS,23
80,13,12,NS,23
81,13,12,NS,23
82,13,12,NS,23
83,13,12,NS,23
84,14,12,NS,23
85,13,13,NS,23
86,13,13,NS,23
87,12,13,NS,23
88,12,13,NS,23
89,11,13,NS,23
90,11,13,NS,23
91,10,14,NS,23
92,10,14,NS,23
93,9,14,NS,23
94,8,14,NS,23
95,7,14,NS,23
96,6,14,NS,23
97,5,14,NS,23
98,4,14,NS,23
99,5,15,NS,23
100,5,15,NS,23
101,4,16,NS,23
102,4,16,EW,23
103,4,15,EW,23
104,4,16,EW,23
105,4,16,EW,23
106,5,16,EW,23
107,5,16,EW,23
108,6,15,EW,23
109,6,15,EW,23
110,6,15,EW,23
111,7,15,EW,23
112,7,14,EW,23
113,7,13,EW,23
114,8,13,EW,23
115,8,12,EW,23
116,8,12,EW,23
117,8,11,EW,23
118,8,12,EW,23
119,8,12,EW,23
120,8,12,EW,23
121,8,12,EW,23
122,8,11,EW,23
123,8,11,EW,23
124,8,10,EW,23
125,9,9,EW,23
126,9,9,EW,23
127,9,8,EW,23
128,9,7,EW,23
129,9,7,EW,23
130,9,6,EW,23
131,9,6,EW,23
132,9,6,EW,23
133,9,5,EW,23
134,9,5,EW,23
135,10,6,EW,23
136,10,6,EW,23
137,10,5,EW,23
138,11,5,EW,23
139,11,4,EW,23
140,11,3,EW,23
141,11,2,EW,23
142,11,3,EW,23
143,11,3,EW,23
144,12,3,EW,23
145,13,3,EW,23
146,13,3,EW,23
147,13,3,EW,23
148,13,3,EW,23
149,13,3,EW,23
150,13,2,EW,23
151,13,2,EW,23
152,13,2,EW,23
153,13,2,EW,23
154,13,2,EW,23
155,14,2,EW,23
156,14,2,EW,23
157,14,1,EW,23
158,14,1,EW,23
159,14,1,EW,23
160,14,1,EW,23
161,14,1,EW,23
162,14,1,EW,23
163,14,0,EW,23
164,14,0,EW,23
165,14,0,EW,23
166,15,0,EW,23
167,16,0,EW,23
168,17,0,EW,23
169,17,1,EW,23
170,18,0,EW,23
171,18,0,NS,24
172,17,0,NS,24
173,16,0,NS,24
174,17,1,NS,24
175,17,1,NS,24
176,17,1,NS,24
177,16,2,NS,24
178,17,3,NS,24
179,17,3,NS,24
180,17,4,NS,24
181,17,5,NS,24
182,16,6,NS,24
183,16,6,NS,24
184,15,6,NS,24
185,14,6,NS,24
186,14,6,NS,24
187,15,6,NS,24
188,14,6,NS,24
189,14,6,NS,24
190,14,7,NS,24
191,14,7,NS,24
192,14,7,NS,24
193,14,7,NS,24
194,14,7,NS,24
195,14,7,NS,23
196,14,7,NS,23
197,13,7,NS,23
198,13,7,NS,23
199,12,7,NS,23
200,11,7,NS,23
201,11,7,NS,23
202,11,7,NS,23
203,10,7,NS,23
204,9,8,NS,23
205,9,8,NS,23
206,8,8,NS,23
207,8,8,NS,23
208,7,8,NS,23
209,8,9,NS,23
210,7,10,NS,23
211,7,10,NS,23
212,6,10,NS,23
213,6,10,NS,23
214,6,10,NS,23
215,6,10,NS,23
216,6,10,NS,23
217,5,10,NS,23
218,4,11,NS,23
219,4,11,NS,23
220,4,12,NS,23
221,5,13,NS,23
222,4,13,NS,23
223,4,13,NS,23
224,3,13,NS,23
225,3,13,NS,23
226,3,13,NS,23
227,2,13,NS,23
228,1,13,NS,23
229,1,14,NS,23
230,0,14,NS,23
231,0,14,NS,23
232,0,14,NS,23
233,0,14,NS,23
234,0,14,NS,23
235,0,14,NS,23
236,0,14,NS,23
237,0,14,NS,23
238,0,15,NS,23
239,1,15,NS,23
240,0,15,NS,23
241,0,15,EW,23
242,0,14,EW,23
243,1,14,EW,23
244,1,13,EW,23
245,1,13,EW,23
246,1,13,EW,23
247,1,14,EW,23
248,1,14,EW,23
249,2,14,EW,23
250,2,14,EW,23
251,2,14,EW,23
252,2,13,EW,23
253,2,13,EW,23
254,2,12,EW,23
255,2,12,EW,23
256,2,12,EW,23
257,2,12,EW,23
258,2,12,EW,23
259,2,12,EW,23
260,2,11,EW,23
261,2,10,EW,23
262,3,10,EW,23
263,4,10,EW,23
264,4,11,EW,23
265,4,11,EW,23
266,4,11,EW,23
267,4,10,EW,23
268,4,10,EW,23
269,4,10,EW,23
270,4,10,EW,23
271,4,9,EW,23
272,4,8,EW,23
273,5,7,EW,23
274,5,6,EW,23
275,5,7,EW,23
276,5,7,EW,23
277,6,7,EW,23
278,6,7,EW,23
279,6,6,EW,23
280,7,6,EW,23
281,7,5,EW,23
282,7,5,EW,23
283,7,4,EW,23
284,7,3,EW,23
285,7,3,EW,23
286,7,2,EW,23
287,7,2,EW,23
288,7,2,EW,23
289,7,2,EW,23
290,7,1,EW,23
291,7,0,EW,23
292,7,0,EW,23
293,8,0,EW,23
294,8,0,EW,23
295,9,0,EW,23
296,9,0,EW,23
297,10,1,EW,23
298,10,1,EW,23
299,11,0,EW,23
300,11,1,EW,23
301,11,0,EW,23
302,11,0,EW,23
303,11,0,EW,23
304,11,0,EW,23
305,11,0,EW,23
306,11,0,EW,23
307,11,0,EW,23
308,11,0,EW,23
309,11,0,EW,23
310,11,0,EW,23
311,11,0,EW,23
312,12,0,EW,23
313,12,0,EW,23
314,12,0,EW,23
315,12,0,EW,23
316,12,0,EW,23
317,12,0,EW,23
318,12,0,EW,23
319,12,0,EW,23
320,12,0,EW,23
321,12,0,EW,23
322,12,0,EW,23
323,12,0,EW,23
324,12,0,EW,23
325,12,0,EW,23
326,12,0,EW,23
327,12,0,EW,23
328,12,0,EW,23
329,12,1,EW,23
330,13,1,EW,23
331,13,1,EW,23
332,13,1,EW,23
333,14,0,NS,23
334,14,0,NS,23
335,13,0,NS,23
336,13,1,NS,23
337,12,1,NS,23
338,13,1,NS,23
339,12,1,NS,23
340,11,1,NS,23
341,11,1,NS,23
342,11,1,NS,23
343,11,1,NS,23
344,11,1,NS,23
345,11,1,NS,23
346,11,1,NS,23
347,10,1,NS,23
348,10,1,NS,23
349,9,1,NS,23
350,9,1,NS,23
351,9,1,NS,23
352,9,1,NS,23
353,9,1,NS,23
354,8,1,NS,23
355,7,1,NS,23
356,7,2,NS,23
357,7,3,NS,23
358,7,3,NS,23
359,7,3,NS,23
360,6,4,NS,23
361,6,4,NS,23
362,6,4,NS,23
363,7,4,NS,23
364,8,4,NS,23
365,8,4,NS,23
366,8,4,NS,23
367,8,4,NS,23
368,9,5,NS,23
369,10,5,NS,23
370,10,5,NS,23
371,10,5,NS,23
372,11,5,NS,23
373,11,5,NS,23
374,10,5,NS,23
375,9,5,NS,23
376,10,5,NS,23
377,10,6,NS,23
378,10,6,NS,23
379,11,6,NS,23
380,11,6,NS,23
381,10,7,NS,23
382,10,7,NS,23
383,10,7,NS,23
384,9,7,NS,23
385,8,7,NS,23
386,8,7,NS,23
387,8,7,NS,23
388,8,7,NS,23
389,8,8,NS,23
390,7,8,NS,23
391,6,8,NS,23
392,7,8,NS,23
393,7,9,NS,23
394,7,9,NS,23
395,6,9,NS,23
396,6,9,NS,23
397,6,10,NS,23
398,5,10,NS,23
399,4,10,NS,23
400,3,10,NS,23
401,3,10,NS,23
402,2,10,EW,23
403,2,9,EW,23
404,2,8,EW,23
405,2,7,EW,23
406,2,7,EW,23
407,2,7,EW,23
408,2,8,EW,23
409,3,9,EW,23
410,3,9,EW,23
411,3,8,EW,23
412,4,8,EW,23
413,4,8,EW,23
414,5,7,EW,23
415,5,6,EW,23
416,5,5,EW,23
417,6,4,EW,23
418,6,3,EW,23
419,6,3,EW,23
420,6,3,EW,23
421,6,3,EW,23
422,7,2,EW,23
423,7,1,EW,23
424,7,1,EW,23
425,7,1,EW,23
426,8,1,EW,23
427,8,0,EW,23
428,8,0,EW,23
429,8,1,EW,23
430,9,1,EW,23
431,9,0,EW,23
432,9,0,EW,23
433,9,0,EW,23
434,9,0,EW,23
435,9,0,EW,23
436,10,0,EW,23
437,10,0,EW,23
438,10,0,EW,23
439,11,0,EW,23
440,11,0,EW,23
441,11,0,EW,23
442,11,0,EW,23
443,11,0,EW,23
444,11,0,EW,23
445,12,1,EW,23
446,12,1,EW,23
447,12,0,EW,23
448,12,0,NS,23
449,11,0,NS,23
450,10,0,NS,23
451,10,0,NS,23
452,10,0,NS,23
453,10,0,NS,23
454,9,0,NS,23
455,10,0,NS,23
456,9,0,NS,23
457,9,0,NS,23
458,9,0,NS,23
459,10,0,NS,23
460,10,0,NS,23
461,10,0,NS,23
462,10,0,NS,23
463,9,0,NS,23
464,8,0,NS,23
465,8,0,NS,23
466,7,0,NS,23
467,6,0,NS,23
468,6,0,NS,23
469,6,0,NS,23
470,7,0,NS,23
471,6,0,NS,23
472,5,0,NS,23
473,5,0,NS,23
474,6,0,NS,23
475,5,0,NS,23
476,6,1,NS,23
477,5,1,NS,23
478,6,1,NS,23
479,5,1,NS,23
480,5,1,NS,23
481,5,1,NS,23
482,5,2,NS,23
483,5,2,NS,23
484,4,3,NS,23
485,3,4,NS,23
486,2,4,NS,23
487,1,4,NS,23
488,0,4,NS,23
489,0,4,NS,23
490,0,4,NS,23
491,0,5,NS,23
492,0,6,NS,23
493,0,6,NS,23
494,0,6,NS,23
495,0,6,NS,23
496,0,6,NS,23
497,0,7,NS,23
498,0,7,NS,23
499,0,7,NS,23
500,0,7,NS,23
501,0,8,NS,23
502,0,8,NS,23
503,0,8,NS,23
504,0,8,NS,23
505,0,9,NS,23
506,0,9,NS,23
507,0,10,NS,23
508,1,11,NS,23
509,1,11,NS,23
510,0,11,NS,23
511,0,11,NS,23
512,0,11,NS,23
513,1,11,NS,23
514,0,11,NS,23
515,0,11,NS,23
516,0,11,NS,23
517,0,11,EW,23
518,0,12,EW,23
519,0,11,EW,23
520,1,10,EW,23
521,1,10,EW,23
522,1,11,EW,23
523,1,10,EW,23
524,1,9,EW,23
525,1,9,EW,23
526,1,8,EW,23
527,1,7,EW,23
528,2,6,EW,23
529,2,6,EW,23
530,2,5,EW,23
531,2,5,EW,23
532,2,4,EW,23
533,3,3,EW,23
534,3,2,EW,23
535,3,2,EW,23
536,3,1,EW,23
537,4,0,EW,23
538,4,0,EW,23
539,5,0,EW,23
540,5,0,EW,23
541,5,1,EW,23
542,5,1,EW,23
543,5,1,EW,23
544,5,1,EW,23
545,6,0,EW,23
546,6,0,EW,23
547,6,0,EW,23
548,6,0,EW,23
549,6,0,EW,23
550,6,0,EW,23
551,6,1,EW,23
552,6,1,EW,23
553,6,1,EW,23
554,6,2,EW,23
555,6,1,EW,23
556,7,1,EW,23
557,7,0,EW,23
558,7,0,EW,23
559,7,0,EW,23
560,7,0,EW,23
561,8,0,EW,23
562,8,0,EW,23
563,9,0,NS,23
564,10,0,NS,23
565,10,0,NS,23
566,9,1,NS,23
567,9,1,NS,23
568,9,1,NS,23
569,8,1,NS,23
570,8,1,NS,23
571,7,1,NS,23
572,7,1,NS,23
573,6,1,NS,23
574,6,1,NS,23
575,5,2,NS,23
576,4,2,NS,23
577,3,2,NS,23
578,3,2,NS,23
579,2,2,NS,23
580,1,2,NS,23
581,1,2,NS,23
582,0,2,NS,23
583,0,2,NS,23
584,0,2,NS,23
585,0,3,NS,23
586,0,3,NS,23
587,0,3,NS,23
588,0,3,NS,23
589,0,3,NS,23
590,0,3,NS,23
591,0,3,NS,23
592,0,4,NS,23
593,0,5,NS,23
594,0,5,NS,23
595,0,5,NS,23
596,0,6,NS,23
597,0,6,NS,23
598,0,6,NS,23
599,0,6,NS,23
