controller,total_arrivals,total_served,vehicles_remaining,average_wait_sec,max_queue_ns,max_queue_ew,controller_name,seed
fixed,263,254,9,32.17,29,14,Fixed-Time,42
fixed,297,262,35,81.44,42,20,Fixed-Time,123
fixed,292,258,34,65.74,37,12,Fixed-Time,456
fixed,298,286,12,27.41,30,16,Fixed-Time,789
fixed,261,256,5,32.52,31,12,Fixed-Time,2026
fuzzy,263,254,9,22.43,29,17,Fuzzy,42
fuzzy,297,294,3,49.62,30,25,Fuzzy,123
fuzzy,292,286,6,32.37,29,23,Fuzzy,456
fuzzy,298,294,4,33.51,30,19,Fuzzy,789
fuzzy,261,260,1,19.07,31,14,Fuzzy,2026
fuzzy,263,247,16,23.31,29,18,GA-Fuzzy,42
fuzzy,297,290,7,56.73,30,26,GA-Fuzzy,123
fuzzy,292,283,9,35.15,29,24,GA-Fuzzy,456
fuzzy,298,285,13,51.9,30,21,GA-Fuzzy,789
fuzzy,261,255,6,21.0,31,14,GA-Fuzzy,2026
